INSTNM,CONTROL,TUITIONFEE_IN,DEBT_MDN,MD_EARN_WNE_P10,C150_4,STABBR
Keuka College,2,39332.0,21418.0,58289.0,0.5836,NY
Crestpoint University,3,7995.0,13994.0,42269.0,0.3303,AZ
Calvary University,2,14094.0,12500.0,45421.0,0.5217,MO
Palo Alto College,1,3412.0,6779.0,37448.0,0.3296,TX
Tuskegee University,2,25386.0,21250.0,49641.0,0.5498,AL
Lorain County Community College,1,4265.0,8917.0,38837.0,0.3094,OH
Reinhardt University,2,30074.0,13156.0,46541.0,0.4357,GA
Bridgewater College,2,16090.0,17500.0,53453.0,0.5305,VA
Lane Community College,1,6202.0,6450.0,38075.0,0.2039,OR
University of South Carolina Aiken,1,10760.0,13000.0,45603.0,0.3985,SC
University of California-Santa Barbara,1,16414.0,11875.0,74915.0,0.8303,CA
Washington State University,1,13391.0,14853.0,68905.0,0.605,WA
Fort Lewis College,1,9958.0,9000.0,46349.0,0.3564,CO
Indiana Institute of Technology,2,31361.0,12564.0,47327.0,0.4779,IN
University of Minnesota-Morris,1,14526.0,12377.0,50919.0,0.625,MN
Pennsylvania State University-Penn State Harrisburg,1,15972.0,19500.0,63435.0,0.2612,PA
University of West Georgia,1,6088.0,15000.0,49587.0,0.4349,GA
Eastwick College-Hackensack,3,18075.0,10617.0,39762.0,0.4254,NJ
University of Maryland-College Park,1,11809.0,17000.0,82860.0,0.8859,MD
Faith Baptist Bible College and Theological Seminary,2,20270.0,8750.0,40650.0,0.6753,IA
Cornish College of the Arts,2,41684.0,20610.0,33696.0,0.5643,WA
Duquesne University,2,48986.0,23500.0,74742.0,0.7749,PA
Ohio University-Southern Campus,1,6362.0,15332.0,52581.0,0.2103,OH
Benedict College,2,17440.0,16000.0,31902.0,0.2426,SC
Mount St. Mary's University,2,48630.0,15000.0,64072.0,0.6539,MD
Chamberlain University-Missouri,3,19975.0,16458.0,92405.0,1.0,MO
Southern California Seminary,2,19080.0,12034.0,39607.0,0.5,CA
Milwaukee Institute of Art & Design,2,43743.0,15750.0,41174.0,0.6695,WI
East Texas Baptist University,2,30680.0,15030.0,52788.0,0.4712,TX
Citadel Military College of South Carolina,1,12570.0,18000.0,72085.0,0.75,SC
Pennsylvania State University-Penn State DuBois,1,14408.0,19500.0,63435.0,0.3381,PA
University of Cincinnati-Blue Ash College,1,7200.0,12000.0,54810.0,0.159,OH
Cheyney University of Pennsylvania,1,10904.0,13000.0,37837.0,0.4059,PA
Newberry College,2,31100.0,15750.0,48040.0,0.4514,SC
Art Academy of Cincinnati,2,41375.0,11750.0,34368.0,0.4127,OH
Mid-America Christian University,2,21294.0,15444.0,46116.0,0.4423,OK
Binghamton University,1,10567.0,15000.0,80596.0,0.8162,NY
Ohio University-Eastern Campus,1,6362.0,15332.0,52581.0,0.2065,OH
Tiffin University,2,34790.0,15795.0,35942.0,0.3987,OH
Rhode Island School of Design,2,62688.0,23250.0,68140.0,0.8877,RI
East Stroudsburg University of Pennsylvania,1,11536.0,16750.0,56148.0,0.4312,PA
DeVry University-Georgia,3,17408.0,12805.0,45987.0,0.125,GA
Marymount University,2,40920.0,20000.0,67516.0,0.5351,VA
University of Nevada-Reno,1,9578.0,13000.0,60614.0,0.6124,NV
St Philip's College,1,3412.0,7250.0,38224.0,0.2827,TX
Western New England University,2,47820.0,19500.0,73157.0,0.6398,MA
Dallas Christian College,2,21730.0,15000.0,43503.0,0.2857,TX
Montclair State University,1,15912.0,17500.0,61415.0,0.6466,NJ
Maryville College,2,39284.0,15000.0,49279.0,0.5,TN
Glenville State University,1,9578.0,11123.0,39315.0,0.3392,WV
South Georgia State College,1,3314.0,7000.0,35697.0,0.162,GA
University of the Potomac-Washington DC Campus,3,6660.0,7500.0,34961.0,0.3333,DC
Saint Mary's College,2,53230.0,23199.0,59354.0,0.6933,IN
Eastern New Mexico University-Main Campus,1,7194.0,11000.0,38550.0,0.4509,NM
Emory University,2,64280.0,16750.0,80137.0,0.9109,GA
Drew University,2,47100.0,21000.0,63646.0,0.7048,NJ
University of Nevada-Las Vegas,1,9748.0,12500.0,55037.0,0.5051,NV
Alabama State University,1,11248.0,17500.0,34502.0,0.3034,AL
University of Arkansas at Pine Bluff,1,9412.0,14328.0,35550.0,0.4043,AR
Brenau University,2,34027.0,18425.0,54003.0,0.3291,GA
Claremont McKenna College,2,67980.0,11948.0,104736.0,0.9136,CA
Pennsylvania State University-Penn State Schuylkill,1,15208.0,19500.0,63435.0,0.3188,PA
DeVry University-Nevada,3,17408.0,12805.0,45987.0,0.0,NV
Kent State University at Kent,1,13232.0,17500.0,45388.0,0.6372,OH
West Virginia Junior College-Morgantown,3,14798.0,8178.0,31912.0,0.7111,WV
University of Illinois Urbana-Champaign,1,16004.0,16500.0,81054.0,0.8513,IL
Art Center College of Design,2,54170.0,26000.0,71958.0,0.7917,CA
University of Mount Union,2,36600.0,20500.0,53217.0,0.5865,OH
Concordia University-Saint Paul,2,25600.0,12166.0,59871.0,0.459,MN
Savannah College of Art and Design,2,41630.0,15500.0,45954.0,0.6941,GA
Bryan College of Health Sciences,2,20640.0,22250.0,70845.0,0.7,NE
Wisconsin Lutheran College,2,36110.0,19500.0,54664.0,0.6357,WI
Southwestern Adventist University,2,25380.0,21500.0,52946.0,0.5234,TX
Ohio Christian University,2,24600.0,21250.0,39813.0,0.3394,OH
Our Lady of the Lake University,2,32106.0,17084.0,48675.0,0.4611,TX
St. John's University-New York,2,53020.0,19500.0,69571.0,0.6609,NY
Ashford University,3,11960.0,9500.0,35404.0,0.1068,CA
DeVry University-California,3,17408.0,12805.0,45987.0,0.2174,CA
Montana State University,1,8460.0,13748.0,53263.0,0.5708,MT
Kent State University at Ashtabula,1,7492.0,17500.0,45388.0,0.2471,OH
University of Hawaii-West Oahu,1,7584.0,11848.0,52075.0,0.4955,HI
Massachusetts Maritime Academy,1,11420.0,20500.0,82392.0,0.7406,MA
University of Minnesota-Duluth,1,14610.0,16000.0,62616.0,0.6472,MN
South University-Montgomery,3,18145.0,13000.0,34421.0,0.0909,AL
Ashland University,2,31210.0,20000.0,52928.0,0.6063,OH
Brigham Young University-Hawaii,2,6630.0,5500.0,52064.0,0.5264,HI
Sacred Heart Major Seminary,2,24120.0,7500.0,49295.0,0.6667,MI
University of Louisiana at Monroe,1,9190.0,15000.0,46769.0,0.542,LA
University of Kentucky,1,13502.0,16750.0,59025.0,0.7142,KY
Central Methodist University-College of Liberal Arts and Sciences,2,28260.0,13292.0,48991.0,0.5123,MO
Rutgers University-New Brunswick,1,17929.0,19000.0,74479.0,0.8363,NJ
Villa Maria College,2,28670.0,10511.0,38857.0,0.3145,NY
Full Sail University,3,26906.0,14038.0,38219.0,0.4433,FL
Bryan College-Dayton,2,19800.0,13000.0,54434.0,0.4974,TN
Indiana State University,1,10258.0,14574.0,48387.0,0.4288,IN
Lake Erie College,2,37634.0,13875.0,50417.0,0.3795,OH
University of Northern Colorado,1,12416.0,13805.0,52231.0,0.5124,CO
Lenoir-Rhyne University,2,31900.0,15750.0,45543.0,0.4778,NC
Pacific Rim Christian University,2,13580.0,13616.0,40523.0,0.4545,HI
Universidad Ana G. Mendez-Gurabo Campus,2,7750.0,9000.0,26223.0,0.314,PR
University of Massachusetts Global,1,12540.0,18750.0,65703.0,0.4286,CA
University of Mount Olive,2,27366.0,20811.0,47139.0,0.5178,NC
Universidad Adventista de las Antillas,2,8350.0,11725.0,28465.0,0.3636,PR
Empire State University,1,7648.0,11000.0,54080.0,0.4123,NY
Washington College,2,55326.0,21000.0,65518.0,0.6537,MD
The University of Alabama,1,12180.0,17986.0,59221.0,0.7337,AL
Georgetown College,2,42840.0,13000.0,52074.0,0.4885,KY
Olivet Nazarene University,2,38900.0,19313.0,53213.0,0.6084,IL
Bethany College,2,36765.0,23750.0,44512.0,0.4682,WV
Albizu University-San Juan,2,8505.0,5000.0,41544.0,0.6703,PR
Rockhurst University,2,44966.0,12500.0,67102.0,0.7456,MO
Wartburg College,2,26250.0,19500.0,56201.0,0.643,IA
University of Holy Cross,2,16576.0,19500.0,49316.0,0.4857,LA
Davis & Elkins College,2,31820.0,17057.0,43411.0,0.3929,WV
West Chester University of Pennsylvania,1,10775.0,18750.0,61258.0,0.7051,PA
Kent State University at Trumbull,1,7492.0,17500.0,45388.0,0.3218,OH
Dominican University New York,2,34220.0,18250.0,61171.0,0.5251,NY
Embry-Riddle Aeronautical University-Daytona Beach,2,44249.0,14250.0,84131.0,0.6655,FL
Prescott College,2,35685.0,12500.0,42359.0,0.5556,AZ
University of Alaska Fairbanks,1,8736.0,11283.0,48866.0,0.3801,AK
Gonzaga University,2,55480.0,20500.0,78892.0,0.8629,WA
Nossi College of Art and Design,3,20350.0,17708.0,35113.0,0.418,TN
Colorado School of Mines,1,21914.0,17500.0,97335.0,0.8171,CO
Chadron State College,1,8290.0,11343.0,47002.0,0.5041,NE
Illinois Institute of Technology,2,52386.0,20687.0,82592.0,0.7521,IL
Massachusetts College of Liberal Arts,1,12436.0,15750.0,48102.0,0.5564,MA
Saint Francis University,2,44000.0,27000.0,62101.0,0.7439,PA
Muskingum University,2,32665.0,16750.0,48440.0,0.5637,OH
Morgan State University,1,8229.0,19500.0,50698.0,0.4087,MD
Baker University,2,35300.0,18530.0,63855.0,0.5779,KS
Georgia Institute of Technology-Main Campus,1,12058.0,20000.0,102772.0,0.9402,GA
Oakland City University,2,27900.0,12174.0,43283.0,0.6552,IN
Arizona State University Campus Immersion,1,12223.0,13610.0,62668.0,0.6804,AZ
Bloomfield College of Montclair State University,1,15912.0,17500.0,61415.0,0.3811,NJ
North Central State College,1,4624.0,4500.0,38158.0,0.3606,OH
Oregon State University,1,14400.0,15000.0,64010.0,0.7011,OR
Hampton University,2,30592.0,19500.0,59159.0,0.5716,VA
Strayer University-Maryland,3,13920.0,14000.0,40092.0,0.375,MD
Maine College of Art & Design,2,42942.0,19000.0,40778.0,0.5155,ME
Northwestern Oklahoma State University,1,5970.0,11000.0,44358.0,0.3035,OK
Pacific College of Health and Science,3,15804.0,9500.0,26209.0,0.5556,NY
University of Washington-Tacoma Campus,1,13168.0,12375.0,78466.0,0.6324,WA
Southwest Minnesota State University,1,10361.0,14250.0,51342.0,0.451,MN
Montana State University-Northern,1,6982.0,10560.0,49505.0,0.4111,MT
Kettering University,2,48470.0,26563.0,94823.0,0.708,MI
Orion Technical College,3,15600.0,9500.0,37008.0,0.8065,IA
University of Dallas,2,53930.0,18478.0,58285.0,0.7307,TX
Saint Mary's University of Minnesota,2,45080.0,16099.0,58170.0,0.6601,MN
University of Louisiana at Lafayette,1,10418.0,14991.0,47089.0,0.5263,LA
Youngstown State University,1,11113.0,15750.0,41544.0,0.5048,OH
Bushnell University,2,35800.0,15633.0,53623.0,0.56,OR
Cambridge College of Healthcare & Technology,3,18168.0,14656.0,28190.0,0.4722,FL
University of Providence,2,30448.0,12500.0,48296.0,0.2794,MT
The College of Westchester,3,25191.0,16875.0,42215.0,0.3765,NY
University of Puerto Rico-Utuado,1,5354.0,3500.0,23906.0,0.2326,PR
Saint Peter's University,2,42552.0,16091.0,57815.0,0.5826,NJ
North Park University,2,36710.0,19875.0,59572.0,0.5772,IL
Monroe University,3,18464.0,12672.0,41236.0,0.5655,NY
Brown University,2,71412.0,10000.0,93487.0,0.9569,RI
The University of Texas Rio Grande Valley,1,9987.0,9593.0,49620.0,0.509,TX
Oregon Institute of Technology,1,13260.0,15625.0,72273.0,0.5378,OR
Colby-Sawyer College,2,19125.0,19500.0,46474.0,0.5745,NH
University of North Carolina Asheville,1,7501.0,14138.0,44030.0,0.5448,NC
Oakland University,1,15262.0,16787.0,58612.0,0.5756,MI
Bard College at Simon's Rock,2,68780.0,19000.0,46543.0,0.6828,MA
Marian University,2,35178.0,17340.0,53501.0,0.4416,WI
Cabarrus College of Health Sciences,2,16550.0,11499.0,58708.0,0.7143,NC
Hillsborough Community College,1,2506.0,6000.0,40782.0,0.3418,FL
Centre College,2,52820.0,25125.0,66240.0,0.8067,KY
University of Wisconsin-Eau Claire,1,9642.0,13000.0,58561.0,0.6381,WI
Sonoma State University,1,8624.0,13000.0,65986.0,0.5759,CA
William Jewell College,2,20610.0,19250.0,59268.0,0.6766,MO
Lewis University,2,39200.0,18750.0,66099.0,0.6661,IL
Carson-Newman University,2,34700.0,14519.0,48382.0,0.5324,TN
Philander Smith University,2,13014.0,14750.0,38427.0,0.3038,AR
Schiller International University,3,13680.0,23224.0,35529.0,0.3333,FL
Miami University-Hamilton,1,7491.0,16000.0,55076.0,0.2494,OH
Benedictine University,2,35940.0,17500.0,63446.0,0.5033,IL
Anderson University,2,37240.0,19500.0,48899.0,0.5379,IN
Centra College,2,12983.0,12000.0,60122.0,1.0,VA
Siena College,2,46580.0,21471.0,76079.0,0.7473,NY
Galen College of Nursing-Cincinnati,3,18048.0,16500.0,61480.0,0.5714,OH
Central Methodist University-College of Graduate and Extended Studies,2,7440.0,13292.0,48991.0,0.0,MO
Southern Virginia University,2,21280.0,14250.0,50002.0,0.3347,VA
Washington University in St Louis,2,65790.0,15000.0,86182.0,0.9426,MO
Lake Washington Institute of Technology,1,5997.0,10356.0,50669.0,0.3701,WA
Universidad Politecnica de Puerto Rico,2,9870.0,12830.0,47540.0,0.2808,PR
Mercy University,2,22880.0,15000.0,52055.0,0.4571,NY
University of Wisconsin-Oshkosh,1,8532.0,12500.0,55548.0,0.4614,WI
St. John's College,2,40504.0,13500.0,44985.0,0.5493,NM
Phoenix College,1,2358.0,5250.0,40870.0,0.1358,AZ
California Lutheran University,2,52560.0,18970.0,68712.0,0.696,CA
Marian University,2,40664.0,20000.0,58759.0,0.6722,IN
Vassar College,2,71030.0,17500.0,71366.0,0.9108,NY
Sullivan University,3,15480.0,10688.0,38008.0,0.7099,KY
Carolina University,2,17575.0,11005.0,32864.0,0.2155,NC
Rider University,2,41120.0,20500.0,62208.0,0.6133,NJ
Fort Hays State University,1,5923.0,14250.0,48928.0,0.477,KS
Seattle Pacific University,2,40407.0,16946.0,64506.0,0.6195,WA
Stillman College,2,12126.0,16000.0,35421.0,0.25,AL
Bridgewater State University,1,11808.0,18746.0,57466.0,0.5341,MA
University of Connecticut-Waterbury Campus,1,18140.0,18610.0,73997.0,0.5273,CT
Oakwood University,2,22512.0,21500.0,42488.0,0.4462,AL
Roanoke College,2,38068.0,22313.0,58047.0,0.6736,VA
Southern Connecticut State University,1,13438.0,15000.0,55043.0,0.4993,CT
University of Illinois Springfield,1,12252.0,14000.0,57103.0,0.5321,IL
Michigan State University,1,16458.0,19500.0,67253.0,0.8072,MI
Northwood University,2,34400.0,18750.0,63075.0,0.6332,MI
Pennsylvania College of Art and Design,2,32150.0,23980.0,33301.0,0.6852,PA
University of Iowa,1,11283.0,18207.0,64762.0,0.7463,IA
Saint Norbert College,2,45580.0,21500.0,58363.0,0.7129,WI
Drake University,2,52130.0,19500.0,71901.0,0.7403,IA
Arcadia University,2,49610.0,21852.0,58336.0,0.6674,PA
Gwynedd Mercy University,2,40122.0,23256.0,67145.0,0.5688,PA
Charter Oak State College,1,8506.0,12422.0,64209.0,0.6667,CT
Boise Bible College,2,11802.0,12749.0,33140.0,0.3158,ID
Kent State University at Geauga,1,7492.0,17500.0,45388.0,0.2027,OH
Florida Gateway College,1,3100.0,5500.0,37894.0,0.5391,FL
Simpson College,2,47656.0,20262.0,59274.0,0.6333,IA
California Polytechnic State University-San Luis Obispo,1,13596.0,15396.0,90768.0,0.864,CA
Provo College,3,16548.0,24262.0,39645.0,0.5135,UT
Professional Skills Institute,3,15884.0,12667.0,47765.0,0.4348,OH
State College of Florida-Manatee-Sarasota,1,3074.0,5720.0,40318.0,0.3829,FL
The University of Tennessee-Martin,1,10560.0,12981.0,44213.0,0.5254,TN
New Mexico Highlands University,1,7416.0,9500.0,45937.0,0.2618,NM
Marquette University,2,51170.0,20500.0,78257.0,0.8321,WI
SUNY Morrisville,1,8825.0,12000.0,43295.0,0.2808,NY
Minnesota State University Moorhead,1,10428.0,15000.0,50527.0,0.5732,MN
University of North Dakota,1,10951.0,15238.0,63552.0,0.6048,ND
Evangel University,2,28548.0,17495.0,46573.0,0.6503,MO
Galen College of Nursing-Tampa Bay,3,17048.0,16500.0,61480.0,0.6333,FL
University of Arkansas at Monticello,1,9292.0,11364.0,36902.0,0.4855,AR
Santa Clara University,2,61293.0,16845.0,109183.0,0.8792,CA
University of Arkansas-Fort Smith,1,7334.0,10750.0,41102.0,0.3788,AR
Western Connecticut State University,1,13401.0,17002.0,59115.0,0.5176,CT
University of Florida,1,6381.0,14000.0,71588.0,0.9112,FL
Transylvania University,2,46870.0,20000.0,54705.0,0.7148,KY
Wingate University,2,41636.0,12000.0,52649.0,0.4635,NC
Wheaton College (Massachusetts),2,63960.0,23000.0,67725.0,0.7282,MA
Georgetown University,2,68017.0,13500.0,103494.0,0.9481,DC
Delta State University,1,8605.0,15000.0,41991.0,0.4806,MS
Kean University,1,14299.0,17199.0,57237.0,0.4657,NJ
CUNY York College,1,7358.0,7500.0,56945.0,0.3225,NY
University of San Francisco,2,60492.0,19000.0,89812.0,0.7006,CA
Pennsylvania State University-Penn State Abington,1,15268.0,19500.0,63435.0,0.1975,PA
Luther College,2,52120.0,22200.0,59850.0,0.7112,IA
Saint Joseph's University - Philadelphia,2,53260.0,21500.0,86881.0,0.7884,PA
Adams State University,1,9824.0,11750.0,44372.0,0.3942,CO
Anderson University,2,34970.0,22000.0,42101.0,0.6568,SC
South Mountain Community College,1,2358.0,4500.0,39825.0,0.1632,AZ
Wayne State College,1,8216.0,12240.0,47075.0,0.5215,NE
George Fox University,2,42750.0,19500.0,59761.0,0.7196,OR
American University of Health Sciences,3,24575.0,32484.0,93610.0,0.5,CA
Hamline University,2,50004.0,15750.0,61106.0,0.6045,MN
Howard University,2,35810.0,19200.0,63066.0,0.6996,DC
Pacific University,2,56374.0,17036.0,60583.0,0.6698,OR
Stockton University,1,16266.0,16380.0,57602.0,0.6854,NJ
Webster University,2,31750.0,18500.0,50876.0,0.6439,MO
Life Pacific University,2,22118.0,14000.0,43299.0,0.404,CA
Landmark College,2,66540.0,8875.0,29813.0,0.4302,VT
University of North Carolina at Chapel Hill,1,8994.0,12989.0,72200.0,0.9117,NC
University of Minnesota-Crookston,1,13288.0,12500.0,58056.0,0.4976,MN
Nevada State University,1,6765.0,12547.0,53166.0,0.3358,NV
West Virginia University Institute of Technology,1,8424.0,15500.0,55939.0,0.3296,WV
Eureka College,2,29096.0,15000.0,51641.0,0.4161,IL
Suffolk University,2,47550.0,20500.0,67506.0,0.6088,MA
University of Saint Joseph,2,47278.0,24000.0,59908.0,0.6376,CT
NUC University,3,12698.0,9500.0,24785.0,0.5435,PR
Thomas Aquinas College,2,30200.0,18000.0,55619.0,0.843,CA
Marion Technical College,1,6595.0,5500.0,41495.0,0.3062,OH
Morningside University,2,39660.0,15750.0,55494.0,0.5014,IA
University of Arkansas,1,10104.0,15749.0,58191.0,0.7052,AR
Mission University,2,16950.0,16000.0,38641.0,0.4444,MO
Creighton University,2,48856.0,21500.0,73911.0,0.8336,NE
Mount St. Joseph University,2,38150.0,18837.0,51509.0,0.5633,OH
Lakeland University,2,33396.0,19500.0,55961.0,0.4245,WI
York College of Pennsylvania,2,25588.0,19500.0,61012.0,0.641,PA
Stevens-The Institute of Business & Arts,3,14332.0,21000.0,29058.0,0.1429,MO
Nebraska Wesleyan University,2,43572.0,17500.0,56405.0,0.6612,NE
Point Park University,2,39570.0,20957.0,45856.0,0.5854,PA
Strayer University-Texas,3,13920.0,14000.0,40092.0,0.25,TX
Pennsylvania Academy of the Fine Arts,2,44600.0,19500.0,29881.0,0.5758,PA
Virginia Polytechnic Institute and State University,1,15948.0,19000.0,81698.0,0.8622,VA
Louisiana Tech University,1,10125.0,15000.0,52279.0,0.6382,LA
Dalton State College,1,3336.0,7361.0,40251.0,0.2531,GA
Pennsylvania State University-Penn State York,1,15208.0,19500.0,63435.0,0.1627,PA
George Mason University,1,14220.0,15750.0,76343.0,0.6784,VA
Mount Marty University,2,34600.0,14750.0,48179.0,0.5238,SD
American National University-Pikeville,3,12456.0,10814.0,28188.0,0.5,KY
SUNY Old Westbury,1,8422.0,12000.0,58526.0,0.4457,NY
Rutgers University-Newark,1,17250.0,19000.0,74479.0,0.6375,NJ
Lander University,1,11700.0,12503.0,42396.0,0.4977,SC
The University of Texas at San Antonio,1,9011.0,15000.0,57131.0,0.5264,TX
Molloy University,2,39790.0,24250.0,77789.0,0.6993,NY
Daytona State College,1,3106.0,5500.0,37096.0,0.4323,FL
Wilmington College,2,32082.0,14782.0,48491.0,0.4727,OH
Florida Memorial University,2,20174.0,16475.0,36624.0,0.311,FL
Strayer University-North Carolina,3,13920.0,14000.0,40092.0,0.3333,NC
The College of New Jersey,1,19632.0,21500.0,73323.0,0.8585,NJ
Carthage College,2,38750.0,19500.0,56950.0,0.6426,WI
Pennsylvania State University-Penn State Hazleton,1,15208.0,19500.0,63435.0,0.2615,PA
Virginia State University,1,10043.0,17500.0,45543.0,0.3944,VA
Galen College of Nursing-San Antonio,3,17048.0,16500.0,61480.0,0.8088,TX
Millikin University,2,26892.0,19000.0,51262.0,0.5494,IL
The Chicago School at Los Angeles,2,21780.0,10250.0,56899.0,0.0,CA
Northern New Mexico College,1,6400.0,6500.0,38112.0,0.2866,NM
Inter American University of Puerto Rico-Bayamon,2,5780.0,5500.0,29936.0,0.3492,PR
Rose-Hulman Institute of Technology,2,58649.0,21751.0,101253.0,0.7816,IN
Champlain College,2,47850.0,19500.0,58386.0,0.6523,VT
Schreiner University,2,39266.0,13500.0,52228.0,0.4318,TX
Bethune-Cookman University,2,14794.0,22500.0,38518.0,0.3052,FL
Sul Ross State University,1,7592.0,11000.0,41871.0,0.2994,TX
Eastern Washington University,1,8586.0,14053.0,57897.0,0.4349,WA
University of Delaware,1,16810.0,21000.0,72950.0,0.8055,DE
Methodist College,2,18008.0,27000.0,69800.0,0.2,IL
Olympic College,1,4197.0,8000.0,43169.0,0.3103,WA
Oklahoma State University-Main Campus,1,10234.0,15500.0,57413.0,0.6817,OK
University of Puerto Rico-Carolina,1,7986.0,4500.0,30626.0,0.3727,PR
Lees-McRae College,2,33250.0,12000.0,43415.0,0.4208,NC
Reed College,2,69350.0,15750.0,62927.0,0.7147,OR
University of South Carolina-Upstate,1,11588.0,15000.0,48587.0,0.4304,SC
Savannah State University,1,5750.0,16500.0,37981.0,0.2804,GA
University of Missouri-St Louis,1,14112.0,16500.0,53037.0,0.5664,MO
Indiana Institute of Technology-College of Professional Studies,2,9896.0,12564.0,47327.0,0.28,IN
Notre Dame of Maryland University,2,43360.0,17990.0,65344.0,0.5,MD
Bryant & Stratton College-Albany,2,18374.0,9500.0,32568.0,0.2857,NY
University of Nebraska at Omaha,1,8718.0,12750.0,53909.0,0.4708,NE
University of Washington-Bothell Campus,1,12919.0,12375.0,78466.0,0.6532,WA
Rivier University,2,39488.0,21000.0,52248.0,0.5167,NH
Dallas Baptist University,2,40190.0,16000.0,56807.0,0.5701,TX
Regis College,2,49680.0,23750.0,52873.0,0.7217,MA
Catawba College,2,34300.0,13000.0,48793.0,0.4729,NC
College of Central Florida,1,2710.0,8550.0,38203.0,0.4446,FL
Foothill College,1,1565.0,6795.0,57072.0,0.5637,CA
Minneapolis College of Art and Design,2,45484.0,19225.0,40873.0,0.5116,MN
University of Sioux Falls,2,21750.0,16141.0,54521.0,0.6291,SD
California State University-Dominguez Hills,1,7449.0,11902.0,57162.0,0.4279,CA
Dewey University-Carolina,2,7630.0,5000.0,19761.0,0.6207,PR
EDP University of Puerto Rico-Villalba,2,7050.0,10500.0,22844.0,0.25,PR
Fort Valley State University,1,5526.0,19000.0,36666.0,0.4111,GA
Bryn Mawr College,2,65920.0,21441.0,75217.0,0.8179,PA
Clayton  State University,1,5180.0,16750.0,49179.0,0.3986,GA
American Institute of Alternative Medicine,3,22947.0,9500.0,40805.0,0.6,OH
Azusa Pacific University,2,44458.0,19710.0,66677.0,0.6179,CA
Siena Heights University,2,30778.0,15625.0,57529.0,0.3862,MI
University of La Verne,2,49470.0,21000.0,65464.0,0.6312,CA
Herzing University-Kenosha,2,13450.0,11756.0,36909.0,0.7222,WI
Rice University,2,64144.0,9716.0,89718.0,0.9464,TX
Grambling State University,1,7683.0,24500.0,41109.0,0.3616,LA
University of Colorado Colorado Springs,1,10149.0,12965.0,54659.0,0.4693,CO
Appalachian State University,1,7579.0,15750.0,51836.0,0.7453,NC
Berea College,2,51658.0,3516.0,43150.0,0.5822,KY
Bakersfield College,1,1430.0,9500.0,37291.0,0.207,CA
University of St Francis,2,38110.0,16500.0,63926.0,0.6682,IL
Truman State University,1,9838.0,16679.0,56280.0,0.6853,MO
Tarleton State University,1,8302.0,13989.0,53040.0,0.4821,TX
Yavapai College,1,2948.0,6762.0,39890.0,0.3353,AZ
University of Maine at Farmington,1,11308.0,16722.0,44433.0,0.5154,ME
Purdue University Fort Wayne,1,9532.0,10556.0,45872.0,0.3627,IN
Missouri Western State University,1,10306.0,11920.0,42647.0,0.3854,MO
Oklahoma State University-Oklahoma City,1,3779.0,8989.0,41307.0,0.1485,OK
Arizona College of Nursing-Tempe,3,26091.0,9500.0,34657.0,0.8889,AZ
Maria College of Albany,2,18740.0,14708.0,55458.0,0.3,NY
San Diego Christian College,2,28012.0,13000.0,49766.0,0.1967,CA
Southern Methodist University,2,67040.0,15311.0,78354.0,0.8427,TX
University of Houston-Downtown,1,7708.0,13750.0,53551.0,0.332,TX
Pueblo Community College,1,5049.0,5750.0,37434.0,0.3068,CO
Albany State University,1,5656.0,12000.0,40674.0,0.3105,GA
Western New Mexico University,1,7856.0,12500.0,39095.0,0.3223,NM
Mid-America College of Funeral Service,2,19000.0,11625.0,44505.0,0.3214,IN
North Carolina Wesleyan University,2,35736.0,19531.0,45873.0,0.4197,NC
University of Scranton,2,53983.0,25500.0,74652.0,0.7979,PA
Shepherd University,1,9056.0,14297.0,49358.0,0.5103,WV
Platt College-Ontario,3,14922.0,15215.0,40669.0,0.582,CA
CUNY Lehman College,1,7410.0,8500.0,58013.0,0.5128,NY
Hanover College,2,44638.0,19500.0,53957.0,0.6713,IN
Ferrum College,2,28520.0,14250.0,44296.0,0.319,VA
James A. Rhodes State College,1,4560.0,7759.0,41855.0,0.4697,OH
Washington State College of Ohio,1,4128.0,6750.0,37988.0,0.3238,OH
Baylor University,2,58100.0,19500.0,65793.0,0.7999,TX
University of Cincinnati-Clermont College,1,6750.0,12000.0,54810.0,0.2374,OH
San Jacinto Community College,1,2490.0,5750.0,43062.0,0.3011,TX
Saint Anselm College,2,48920.0,26987.0,73371.0,0.8003,NH
Austin Peay State University,1,9006.0,13202.0,44301.0,0.4024,TN
Hendrix College,2,38200.0,19500.0,60376.0,0.7235,AR
Universidad del Sagrado Corazon,2,6410.0,11250.0,31754.0,0.5207,PR
University of Alaska Southeast,1,7056.0,10500.0,48475.0,0.2805,AK
Faulkner University,2,23920.0,15000.0,43457.0,0.374,AL
Eastern International College-Jersey City,3,18383.0,18499.0,35008.0,0.3412,NJ
Temple University,1,23011.0,19750.0,63727.0,0.7505,PA
Cedarville University,2,37150.0,17500.0,55443.0,0.7253,OH
Bowling Green State University-Main Campus,1,14460.0,17500.0,47896.0,0.6373,OH
California State University-San Bernardino,1,8093.0,12445.0,59977.0,0.549,CA
New College of Florida,1,6916.0,12000.0,48082.0,0.6667,FL
University of Northern Iowa,1,9936.0,16486.0,55177.0,0.6792,IA
College of Our Lady of the Elms,2,43325.0,20500.0,51540.0,0.6809,MA
Colgate University,2,70306.0,13000.0,85139.0,0.9117,NY
Los Angeles College of Music,3,30540.0,17521.0,31758.0,0.4127,CA
Rasmussen University-North Dakota,3,13957.0,13000.0,39080.0,0.2857,ND
Mount Holyoke College,2,67018.0,18258.0,58418.0,0.8439,MA
Chowan University,2,27910.0,15250.0,38412.0,0.2995,NC
University of North Carolina Wilmington,1,7277.0,15178.0,54967.0,0.7059,NC
Langston University,1,6863.0,11664.0,33261.0,0.1684,OK
Hope College,2,41970.0,23250.0,58427.0,0.7995,MI
University of Idaho,1,9084.0,15784.0,54670.0,0.5728,ID
University of Hawaii at Hilo,1,7838.0,12500.0,47856.0,0.4837,HI
Metropolitan State University of Denver,1,11124.0,12500.0,52093.0,0.3154,CO
Bryn Athyn College of the New Church,2,28917.0,13500.0,40457.0,0.6774,PA
Mount Saint Mary College,2,43450.0,22250.0,67705.0,0.6546,NY
South University-Savannah,3,18145.0,13000.0,34421.0,0.0909,GA
Huntington University,2,31870.0,18127.0,46672.0,0.636,IN
University of Pittsburgh-Pittsburgh Campus,1,21926.0,20500.0,66125.0,0.855,PA
Indiana University of Pennsylvania-Main Campus,1,11380.0,19995.0,51019.0,0.5551,PA
Glendale Community College,1,2358.0,4500.0,43108.0,0.1598,AZ
California State University-Los Angeles,1,7160.0,11966.0,59211.0,0.5298,CA
Andrew College,2,19604.0,9500.0,38475.0,0.3281,GA
Dartmouth College,2,68268.0,15157.0,97434.0,0.9554,NH
Jacksonville University,2,47830.0,12803.0,68010.0,0.5065,FL
Skyline College,1,1272.0,7500.0,55702.0,0.443,CA
Amridge University,2,7590.0,13385.0,37621.0,1.0,AL
Macalester College,2,68104.0,19500.0,63878.0,0.871,MN
Lake Forest College,2,56402.0,21500.0,61825.0,0.7778,IL
Grace Christian University,2,18690.0,9500.0,41663.0,0.5104,MI
Union Adventist University,2,29334.0,18750.0,55045.0,0.5226,NE
Hampden-Sydney College,2,54550.0,19500.0,67640.0,0.6217,VA
Saint Augustine's University,2,16896.0,12750.0,35730.0,0.25,NC
Coppin State University,1,7100.0,15606.0,46490.0,0.2622,MD
Belmont Abbey College,2,19500.0,14560.0,47937.0,0.4668,NC
University of Akron Main Campus,1,13135.0,15250.0,46600.0,0.5186,OH
University of Oklahoma-Norman Campus,1,9797.0,15500.0,63126.0,0.7533,OK
Missouri State University-Springfield,1,9502.0,16200.0,49827.0,0.5791,MO
Neumann University,2,39100.0,19630.0,57817.0,0.5368,PA
Dakota Wesleyan University,2,33790.0,19500.0,53728.0,0.4832,SD
Goshen College,2,38890.0,13750.0,51943.0,0.65,IN
Christopher Newport University,1,16828.0,19500.0,60509.0,0.7164,VA
State University of New York at Cortland,1,8874.0,17500.0,60236.0,0.6803,NY
Arlington Baptist University,2,20830.0,9500.0,44644.0,0.1944,TX
CUNY John Jay College of Criminal Justice,1,7470.0,9250.0,56195.0,0.5583,NY
SUNY College at Geneseo,1,8999.0,14836.0,67316.0,0.7145,NY
Inter American University of Puerto Rico-Guayama,2,5780.0,6775.0,25827.0,0.4421,PR
Stephen F Austin State University,1,11128.0,17750.0,49634.0,0.5333,TX
Harris-Stowe State University,1,7008.0,13500.0,31088.0,0.2756,MO
University of Kansas,1,12102.0,15500.0,61945.0,0.6881,KS
Avila University,2,42000.0,19230.0,52773.0,0.5238,MO
Ozark Christian College,2,16000.0,9784.0,41297.0,0.6364,MO
Utica University,2,26930.0,17538.0,63277.0,0.5624,NY
Bellin College,2,30952.0,15000.0,76222.0,0.6304,WI
University of Connecticut-Stamford,1,18150.0,18610.0,73997.0,0.5654,CT
University of Missouri-Kansas City,1,12587.0,14835.0,59637.0,0.5546,MO
Sterling College,2,33700.0,12000.0,45846.0,0.4129,KS
Virginia Military Institute,1,21046.0,19000.0,77369.0,0.7621,VA
South University-Savannah Online,3,18145.0,13000.0,34421.0,0.0689,GA
Welch College,2,21400.0,11375.0,42198.0,0.5342,TN
Purdue University Global,1,10101.0,11648.0,36596.0,0.5,IN
Barry University,2,34350.0,15750.0,55966.0,0.3787,FL
John Paul the Great Catholic University,2,30265.0,21500.0,56930.0,0.6386,CA
SUNY College of Environmental Science and Forestry,1,9303.0,13000.0,55763.0,0.6632,NY
Herzing University-Minneapolis,2,13450.0,11756.0,36909.0,0.4667,MN
Lincoln University,2,13150.0,12500.0,53695.0,1.0,CA
University of Georgia,1,11450.0,16666.0,68726.0,0.8969,GA
Pennsylvania State University-World Campus,1,15356.0,19500.0,63435.0,0.3415,PA
University of Northwestern-St Paul,2,37920.0,17750.0,50755.0,0.6813,MN
Utah Tech University,1,6306.0,7191.0,44570.0,0.3839,UT
University of Baltimore,1,9992.0,18972.0,61335.0,0.3816,MD
Oral Roberts University,2,35470.0,20250.0,46885.0,0.5683,OK
Ave Maria University,2,30198.0,12000.0,49520.0,0.5394,FL
Rust College,2,13265.0,13777.0,32275.0,0.1179,MS
University of Massachusetts-Lowell,1,16966.0,18250.0,64874.0,0.6482,MA
Ursinus College,2,61210.0,26000.0,73721.0,0.7328,PA
Wheaton College,2,45546.0,20000.0,63756.0,0.8475,IL
University of Southern Maine,1,11284.0,12887.0,49958.0,0.4035,ME
Dean College,2,46526.0,12000.0,38109.0,0.5359,MA
Seattle University,2,56721.0,16658.0,75272.0,0.7551,WA
Marist University,2,47750.0,21500.0,77819.0,0.796,NY
Barnard College,2,69888.0,15750.0,80516.0,0.9302,NY
Polk State College,1,2694.0,6500.0,40624.0,0.3534,FL
King University,2,36194.0,18000.0,59831.0,0.4787,TN
Washington Adventist University,2,26604.0,22750.0,64249.0,0.2865,MD
Commonwealth University of Pennsylvania,1,11046.0,19500.0,52416.0,0.5448,PA
Boston Architectural College,2,27470.0,24750.0,62123.0,0.3158,MA
North Carolina Central University,1,6699.0,22000.0,42968.0,0.4165,NC
California State University-Chico,1,8472.0,14500.0,64172.0,0.6278,CA
Vanguard University of Southern California,2,41700.0,15000.0,59541.0,0.5677,CA
CUNY Bernard M Baruch College,1,7464.0,10000.0,75971.0,0.7212,NY
University of New Mexico-Main Campus,1,10140.0,13698.0,44792.0,0.5469,NM
Greenville University,2,32200.0,15000.0,46827.0,0.3982,IL
Shasta College,1,1197.0,9500.0,39269.0,0.2326,CA
Rasmussen University-Minnesota,3,11490.0,13000.0,39080.0,0.5349,MN
Niagara University,2,39345.0,20312.0,56196.0,0.7451,NY
Lesley University,2,34256.0,15000.0,51173.0,0.5802,MA
Lourdes University,2,29500.0,19000.0,48150.0,0.3246,OH
Warner University,2,29992.0,13000.0,46086.0,0.4213,FL
Marietta College,2,39652.0,12000.0,57180.0,0.6138,OH
Murray State University,1,9900.0,15000.0,44737.0,0.6132,KY
SUNY College of Technology at Canton,1,8742.0,12500.0,47860.0,0.3845,NY
Universidad Central de Bayamon,2,5986.0,7250.0,25021.0,0.3438,PR
Pennsylvania Western University,1,11436.0,16750.0,47295.0,0.5188,PA
Messiah University,2,42240.0,21911.0,54064.0,0.7496,PA
South College,3,18535.0,9500.0,36642.0,0.4211,TN
Defiance College,2,29320.0,11000.0,49351.0,0.3057,OH
Hood College,2,47700.0,18185.0,57089.0,0.569,MD
John Brown University,2,31756.0,17000.0,53907.0,0.7179,AR
Chicago State University,1,12754.0,21500.0,42778.0,0.1549,IL
University of Nebraska at Kearney,1,8676.0,13070.0,50105.0,0.5774,NE
College of Staten Island CUNY,1,7490.0,8846.0,53501.0,0.3393,NY
Amherst College,2,70480.0,12000.0,77644.0,0.939,MA
Chamberlain University-Nevada,3,19975.0,16458.0,92405.0,0.2,NV
Virginia Commonwealth University,1,16945.0,17021.0,58128.0,0.6318,VA
Crowley's Ridge College,2,16670.0,13918.0,39533.0,0.3585,AR
University of Colorado Denver/Anschutz Medical Campus,1,10383.0,14500.0,64270.0,0.4615,CO
Pomona College,2,65420.0,10000.0,77779.0,0.932,CA
Concordia University Ann Arbor,2,35410.0,19500.0,56075.0,0.4764,MI
Heidelberg University,2,33650.0,20500.0,48466.0,0.5198,OH
University of Michigan-Flint,1,14704.0,18494.0,53230.0,0.4031,MI
Ursuline College,2,38990.0,21938.0,56878.0,0.6667,OH
Ouachita Baptist University,2,34500.0,15000.0,51673.0,0.614,AR
Rockford University,2,37780.0,15000.0,54794.0,0.472,IL
Evangel University-College of Online Learning,2,8175.0,17495.0,46573.0,0.5,MO
Purdue University-Main Campus,1,9992.0,15000.0,72424.0,0.831,IN
South University-West Palm Beach,3,18145.0,13000.0,34421.0,0.1818,FL
Central Michigan University,1,14760.0,23183.0,55874.0,0.5872,MI
West Los Angeles College,1,1238.0,9500.0,38537.0,0.2789,CA
Hesston College,2,32936.0,12000.0,47495.0,0.6061,KS
Connecticut College,2,67242.0,20000.0,75001.0,0.8205,CT
Grand Canyon University,3,17850.0,12500.0,42186.0,0.4346,AZ
University of Michigan-Dearborn,1,15640.0,17000.0,59649.0,0.5798,MI
University of Maine at Presque Isle,1,9402.0,8275.0,40956.0,0.5155,ME
Gettysburg College,2,66640.0,23250.0,71517.0,0.8253,PA
Brevard College,2,32280.0,11250.0,43545.0,0.4884,NC
Longy School of Music of Bard College,2,55275.0,19000.0,46543.0,0.7778,MA
University of Wisconsin-River Falls,1,9008.0,14865.0,54458.0,0.57,WI
St Bonaventure University,2,41735.0,19500.0,57214.0,0.6673,NY
Eastern Illinois University,1,13679.0,15722.0,51989.0,0.4736,IL
Culver-Stockton College,2,30875.0,15000.0,46092.0,0.3916,MO
West Virginia Wesleyan College,2,34090.0,15750.0,51593.0,0.5714,WV
DeVry University-Florida,3,17408.0,12805.0,45987.0,0.3333,FL
Judson University,2,31360.0,14000.0,56313.0,0.5987,IL
Lipscomb University,2,40572.0,15350.0,55541.0,0.7216,TN
Palm Beach Atlantic University,2,40650.0,13816.0,49232.0,0.5534,FL
Charleston Southern University,2,32520.0,18250.0,45898.0,0.4724,SC
Madonna University,2,28440.0,19000.0,59058.0,0.6,MI
Columbia International University,2,27900.0,10500.0,38951.0,0.4679,SC
North Central University,2,32220.0,16750.0,45064.0,0.6634,MN
Skidmore College,2,67290.0,15000.0,69363.0,0.8257,NY
Florida National University-Main Campus,3,17368.0,16492.0,33928.0,0.3119,FL
Cornell University,2,69314.0,13000.0,104043.0,0.9538,NY
North Greenville University,2,25800.0,15000.0,43035.0,0.5453,SC
Clarke University,2,40910.0,19500.0,55396.0,0.5612,IA
Indiana University-Kokomo,1,8424.0,10000.0,49917.0,0.4561,IN
Fairfield University,2,58350.0,23251.0,88794.0,0.843,CT
Stanford University,2,65910.0,9851.0,124080.0,0.9192,CA
Gardner-Webb University,2,34760.0,16453.0,48039.0,0.5539,NC
Gnomon,3,37635.0,28332.0,114785.0,1.0,CA
Northwestern University,2,68322.0,14000.0,89363.0,0.9513,IL
Bryan University,3,15868.0,16999.0,28725.0,0.8958,MO
University of South Carolina-Columbia,1,12688.0,18500.0,62177.0,0.7882,SC
DeVry University-Illinois,3,17408.0,12805.0,45987.0,0.3657,IL
Messenger College,2,11620.0,27000.0,29463.0,1.0,TX
Berry College,2,41686.0,18900.0,53800.0,0.6949,GA
Northwest College,1,4962.0,6500.0,36950.0,0.4866,WY
Ohio Dominican University,2,35720.0,16557.0,51748.0,0.4102,OH
Huertas College,3,8750.0,6625.0,22927.0,0.4559,PR
Bemidji State University,1,10237.0,13809.0,53755.0,0.4787,MN
Tyler Junior College,1,2400.0,6500.0,38140.0,0.2739,TX
The College of the Florida Keys,1,3276.0,8250.0,42508.0,0.3413,FL
Whatcom Community College,1,5115.0,8000.0,44092.0,0.3639,WA
Cox College,2,14822.0,18000.0,56867.0,1.0,MO
Kent State University at Stark,1,7492.0,17500.0,45388.0,0.3672,OH
Johnson & Wales University-Online,2,13365.0,16334.0,43418.0,0.0,RI
Walla Walla University,2,34227.0,19306.0,61885.0,0.599,WA
Pikes Peak State College,1,4510.0,4900.0,40796.0,0.2058,CO
University of San Diego,2,59486.0,19019.0,86522.0,0.8367,CA
University of South Carolina Beaufort,1,10730.0,13750.0,48088.0,0.3399,SC
Great Basin College,1,3923.0,8973.0,39289.0,0.4086,NV
ECPI University,3,18484.0,13915.0,42837.0,0.4246,VA
CUNY Medgar Evers College,1,7352.0,7400.0,46498.0,0.1977,NY
Coastal Carolina University,1,11640.0,16979.0,47258.0,0.4846,SC
Southwestern Oklahoma State University,1,8469.0,11750.0,45744.0,0.3969,OK
Trevecca Nazarene University,2,31300.0,14750.0,49378.0,0.5315,TN
Georgia State University,1,8664.0,11750.0,47384.0,0.5306,GA
Troy University,1,10176.0,15985.0,42062.0,0.503,AL
University of Dubuque,2,42095.0,17070.0,51190.0,0.4008,IA
State University of New York at Plattsburgh,1,9035.0,15000.0,56403.0,0.5851,NY
Christian Brothers University,2,38420.0,17589.0,57478.0,0.5471,TN
Utah State University,1,9228.0,9500.0,54022.0,0.5913,UT
Menlo College,2,53630.0,13000.0,76419.0,0.535,CA
Jackson College,1,7350.0,8750.0,36898.0,0.159,MI
Universidad Ana G. Mendez-Cupey Campus,2,7750.0,10006.0,24490.0,0.3085,PR
The University of Tennessee Southern,1,10924.0,11175.0,38924.0,0.369,TN
The University of Montana,1,8552.0,15000.0,44511.0,0.4796,MT
Guilford College,2,41362.0,15448.0,47590.0,0.4581,NC
Shippensburg University of Pennsylvania,1,13720.0,16192.0,56351.0,0.557,PA
Geneva College,2,33450.0,18907.0,50004.0,0.6098,PA
Belmont University,2,42540.0,17500.0,55930.0,0.7066,TN
Grace College and Theological Seminary,2,31200.0,16750.0,45411.0,0.6877,IN
Williams College,2,68560.0,11667.0,88665.0,0.9361,MA
State University of New York at New Paltz,1,8572.0,15000.0,58073.0,0.716,NY
Freed-Hardeman University,2,25620.0,16750.0,47485.0,0.7078,TN
St. Francis College,2,28775.0,12693.0,58099.0,0.5464,NY
Sweet Briar College,2,26160.0,21000.0,51943.0,0.5182,VA
Harvard University,2,61676.0,12500.0,101817.0,0.9758,MA
Norfolk State University,1,10180.0,17277.0,44666.0,0.385,VA
Dominican University,2,38978.0,18750.0,60327.0,0.5526,IL
University of West Alabama,1,10990.0,13000.0,44232.0,0.347,AL
Goldey-Beacom College,2,14940.0,14375.0,59892.0,0.5743,DE
University of Vermont,1,19058.0,17500.0,62472.0,0.7859,VT
Shenandoah University,2,36950.0,19500.0,58433.0,0.6682,VA
Cleveland Institute of Music,2,52880.0,18500.0,32641.0,0.7213,OH
Pitzer College,2,65192.0,13000.0,69512.0,0.8339,CA
Clark Atlanta University,2,28310.0,19500.0,42712.0,0.4902,GA
Inter American University of Puerto Rico-Fajardo,2,5780.0,5500.0,23132.0,0.3767,PR
University of Redlands,2,60878.0,21250.0,72690.0,0.6727,CA
Salve Regina University,2,50100.0,27000.0,72975.0,0.7688,RI
Dickinson State University,1,9118.0,11960.0,50720.0,0.506,ND
Everett Community College,1,5032.0,6148.0,45434.0,0.3662,WA
Potomac State College of West Virginia University,1,5280.0,15500.0,55939.0,0.3096,WV
Valley City State University,1,8514.0,11761.0,52725.0,0.5333,ND
Northeastern University,2,66162.0,22000.0,92538.0,0.9054,MA
Elmhurst University,2,42955.0,15000.0,61462.0,0.7,IL
Clark State College,1,4393.0,6899.0,39584.0,0.2176,OH
Grand View University,2,34762.0,15097.0,52824.0,0.5399,IA
University of Maryland Eastern Shore,1,9076.0,18500.0,47697.0,0.3533,MD
East Tennessee State University,1,10472.0,14400.0,44859.0,0.5321,TN
Southern Nazarene University,2,31190.0,17337.0,54951.0,0.5051,OK
St. Thomas Aquinas College,2,39450.0,17500.0,62909.0,0.5404,NY
Davenport University,2,24466.0,17353.0,45099.0,0.5659,MI
Concordia University-Nebraska,2,40640.0,18750.0,52415.0,0.6489,NE
The Evergreen State College,1,9264.0,15000.0,45320.0,0.4074,WA
University of Arizona,1,13926.0,13750.0,59979.0,0.6752,AZ
Spartan College of Aeronautics and Technology,3,20940.0,14726.0,49944.0,0.5139,OK
Colorado Mountain College,1,2616.0,5500.0,44127.0,0.2737,CO
American InterContinental University-Houston,3,14829.0,9500.0,36144.0,0.0455,TX
Strayer University-Florida,3,13920.0,14000.0,40092.0,1.0,FL
Grand Valley State University,1,15140.0,19500.0,56118.0,0.6701,MI
Strayer University-Global Region,3,13920.0,14000.0,40092.0,0.1429,DC
University of the Pacific,2,57080.0,17653.0,78445.0,0.6905,CA
Colorado Christian University,2,41342.0,14000.0,50416.0,0.6441,CO
New Mexico State University-Main Campus,1,8183.0,10250.0,39067.0,0.5517,NM
Chamberlain University-Florida,3,19975.0,16458.0,92405.0,0.3333,FL
Missouri Southern State University,1,8960.0,11650.0,42620.0,0.4158,MO
Central Christian College of the Bible,2,12200.0,10125.0,34675.0,0.2195,MO
Pennsylvania State University-Penn State Altoona,1,15972.0,19500.0,63435.0,0.165,PA
William Peace University,2,34176.0,15145.0,46643.0,0.4481,NC
University of Minnesota-Twin Cities,1,17214.0,16727.0,69020.0,0.8528,MN
University of Denver,2,61398.0,18000.0,71155.0,0.756,CO
Delaware State University,1,10670.0,17500.0,49307.0,0.391,DE
Georgia Gwinnett College,1,4532.0,9000.0,47730.0,0.2147,GA
SUNY College of Technology at Alfred,1,8892.0,12000.0,50445.0,0.5506,NY
Rio Salado College,1,2358.0,4375.0,41015.0,0.0851,AZ
University of Virginia's College at Wise,1,11780.0,10695.0,45325.0,0.4706,VA
SUNY College of Technology at Delhi,1,8772.0,12000.0,51629.0,0.4543,NY
Eastern Florida State College,1,2496.0,8279.0,37195.0,0.5208,FL
Bethel College-North Newton,2,35014.0,12000.0,49898.0,0.4112,KS
Los Angeles Mission College,1,1238.0,10432.0,39834.0,0.2003,CA
Kansas Wesleyan University,2,34630.0,15000.0,51152.0,0.4863,KS
Drexel University,2,62412.0,20204.0,84648.0,0.7816,PA
Unity Environmental University,2,12640.0,4752.0,37852.0,0.2867,ME
Columbus State University,1,5898.0,15000.0,44544.0,0.4176,GA
The University of Findlay,2,41164.0,19500.0,56996.0,0.5786,OH
Thomas More College of Liberal Arts,2,30400.0,22475.0,53565.0,0.625,NH
Bates Technical College,1,6027.0,5563.0,50051.0,0.4337,WA
Pacific Northwest College of Art,2,49006.0,10500.0,34883.0,0.2913,OR
Felician University,2,39300.0,19250.0,57602.0,0.4722,NJ
University of California-Riverside,1,15606.0,14944.0,67699.0,0.7596,CA
Nebraska Methodist College of Nursing & Allied Health,2,17885.0,21784.0,65071.0,0.5952,NE
Johnson & Wales University-Charlotte,2,42419.0,16334.0,43418.0,0.4897,NC
Union University,2,40025.0,16666.0,53990.0,0.6596,TN
Mercer University,2,42312.0,17655.0,58354.0,0.6962,GA
Edward Waters University,2,16366.0,11000.0,34782.0,0.2819,FL
Furman University,2,59770.0,19500.0,68635.0,0.7876,SC
Knox College,2,57903.0,23852.0,54820.0,0.6773,IL
University of Pikeville,2,24850.0,12467.0,48231.0,0.4167,KY
Midland University,2,42050.0,15000.0,52163.0,0.4212,NE
New York Institute of Technology,2,46560.0,17000.0,70080.0,0.5877,NY
William & Mary,1,25914.0,15500.0,73490.0,0.8942,VA
Wake Forest University,2,67642.0,19500.0,78158.0,0.8915,NC
Stony Brook University,1,10931.0,15000.0,74502.0,0.7556,NY
CUNY New York City College of Technology,1,7332.0,7000.0,49365.0,0.2147,NY
La Salle University,2,37800.0,17500.0,67416.0,0.5712,PA
Saint Johns River State College,1,2591.0,8323.0,41728.0,0.4888,FL
Rose State College,1,5030.0,5500.0,37555.0,0.2,OK
New York College of Health Professions,2,16395.0,17644.0,31601.0,0.5,NY
University of California-Davis,1,16774.0,11000.0,80838.0,0.8567,CA
Xavier University,2,50640.0,18750.0,64873.0,0.6865,OH
Pennsylvania State University-Main Campus,1,20644.0,19500.0,63435.0,0.8609,PA
College of Charleston,1,12978.0,17500.0,56416.0,0.6583,SC
Wright State University-Main Campus,1,11522.0,15854.0,49500.0,0.4169,OH
Pennsylvania State University-Penn State Fayette- Eberly,1,14408.0,19500.0,63435.0,0.3862,PA
Northwestern College,2,36710.0,16791.0,49802.0,0.6605,IA
Iowa State University,1,10787.0,18750.0,63386.0,0.7532,IA
Lee University,2,23790.0,19500.0,43222.0,0.6259,TN
Beacon College,2,51680.0,18500.0,29420.0,0.6023,FL
Assumption University,2,51356.0,24250.0,74895.0,0.7523,MA
St. John Fisher University,2,41190.0,19500.0,66944.0,0.7417,NY
Arizona Christian University,2,35098.0,6251.0,51612.0,0.3987,AZ
Strayer University-Mississippi,3,13920.0,14000.0,40092.0,0.0,MS
The University of Montana-Western,1,6670.0,12000.0,43229.0,0.5125,MT
University of Wisconsin-Green Bay,1,8700.0,11250.0,52528.0,0.4822,WI
Erskine College,2,36710.0,9500.0,53459.0,0.4518,SC
West Texas A & M University,1,9101.0,12620.0,50741.0,0.5504,TX
Pace University,2,53290.0,17750.0,70378.0,0.6003,NY
Stevenson University,2,40560.0,21500.0,62079.0,0.6849,MD
Columbia College,2,22214.0,14750.0,41338.0,0.3688,SC
East Carolina University,1,7361.0,17500.0,55146.0,0.6262,NC
Oglethorpe University,2,47590.0,14750.0,55232.0,0.541,GA
University of Colorado Boulder,1,15666.0,13000.0,69738.0,0.7419,CO
American InterContinental University System,3,12397.0,9500.0,36144.0,0.0851,AZ
Pittsburg State University,1,8400.0,14000.0,50579.0,0.5659,KS
Keene State College,1,14784.0,19500.0,54368.0,0.6006,NH
Jacksonville State University,1,12894.0,14000.0,45235.0,0.5472,AL
Fitchburg State University,1,11346.0,18220.0,53874.0,0.5512,MA
Westminster College,2,35214.0,19463.0,52199.0,0.5549,MO
Kuyper College,2,27660.0,16304.0,41066.0,0.5,MI
University of Mount Saint Vincent,2,44540.0,18500.0,65756.0,0.5683,NY
AdventHealth University,2,21420.0,18000.0,72282.0,0.3889,FL
University of North Texas,1,11309.0,14000.0,57010.0,0.6071,TX
Tennessee State University,1,8616.0,17500.0,42730.0,0.3399,TN
City College-Hollywood,3,18615.0,15285.0,34938.0,0.8667,FL
Drury University-College of Continuing Professional Studies,2,8054.0,13000.0,40694.0,0.4324,MO
Briar Cliff University,2,36956.0,15506.0,54475.0,0.4751,IA
Midwestern Baptist Theological Seminary,2,10120.0,9995.0,50535.0,0.4828,MO
Metropolitan College of New York,2,20188.0,20000.0,46236.0,0.4,NY
Sterling College,2,40760.0,13625.0,30573.0,0.3158,VT
California College of ASU,2,25186.0,13167.0,42014.0,0.3723,CA
University of Wisconsin-Madison,1,11603.0,18058.0,73792.0,0.8955,WI
Indiana University-Northwest,1,8424.0,12478.0,43361.0,0.3738,IN
Saginaw Valley State University,1,12930.0,17500.0,51955.0,0.4825,MI
The University of the South,2,56120.0,17750.0,64911.0,0.7979,TN
Wofford College,2,56005.0,20500.0,68964.0,0.842,SC
Wilkes University,2,43496.0,20500.0,63454.0,0.6317,PA
College of the Holy Cross,2,64500.0,25879.0,90543.0,0.8733,MA
Albizu University-Miami,2,13818.0,5000.0,41544.0,0.4,FL
Howard Payne University,2,34982.0,11892.0,48376.0,0.2798,TX
University of Northwestern Ohio,2,13875.0,12000.0,50968.0,0.5402,OH
Smith Chason College,3,19040.0,16640.0,58004.0,0.7194,CA
Tennessee Wesleyan University,2,30814.0,14000.0,45989.0,0.4759,TN
Bethel University,2,18712.0,16750.0,47482.0,0.3505,TN
Cambridge College of Healthcare & Technology,3,18168.0,11125.0,47792.0,0.7647,FL
Life University,2,15036.0,9500.0,47397.0,0.3793,GA
Pratt Institute-Main,2,61845.0,20500.0,54295.0,0.7354,NY
University of Rhode Island,1,16942.0,17750.0,69743.0,0.7331,RI
Saint Martin's University,2,45510.0,15625.0,62092.0,0.519,WA
Immaculata University,2,29330.0,19560.0,75701.0,0.7104,PA
American Musical and Dramatic Academy,2,46928.0,12000.0,26975.0,0.7164,NY
Clinton College,2,11136.0,12000.0,30180.0,0.1405,SC
Santa Ana College,1,1180.0,5500.0,43552.0,0.3085,CA
EDP University of Puerto Rico Inc-San Sebastian,2,7050.0,10500.0,22844.0,0.287,PR
Texas A & M International University,1,7894.0,11000.0,48386.0,0.4647,TX
University of Pittsburgh-Johnstown,1,14906.0,20500.0,66125.0,0.5582,PA
Saint Xavier University,2,37940.0,16699.0,58656.0,0.5661,IL
Augsburg University,2,45452.0,19500.0,58829.0,0.5167,MN
Yeshiva University,2,51800.0,14000.0,71353.0,0.832,NY
Pensacola State College,1,2361.0,5500.0,36739.0,0.3642,FL
University of St Thomas,2,34634.0,12548.0,59224.0,0.6877,TX
Southern California Institute of Technology,3,20515.0,10651.0,53598.0,0.7404,CA
Lackawanna College,2,18400.0,11500.0,41000.0,0.3673,PA
Springfield College,2,45174.0,23000.0,48036.0,0.7419,MA
Pennsylvania State University-Penn State Greater Allegheny,1,14408.0,19500.0,63435.0,0.1897,PA
Texas Woman's University,1,8640.0,14000.0,56544.0,0.4906,TX
McDaniel College,2,52081.0,15000.0,60663.0,0.6329,MD
Northwest Vista College,1,3412.0,5500.0,42490.0,0.3198,TX
Carroll College,2,41484.0,21000.0,61772.0,0.6929,MT
Northeastern Illinois University,1,12383.0,11969.0,52234.0,0.2165,IL
California State University Maritime Academy,1,9944.0,16889.0,94784.0,0.5972,CA
Regent University,2,21650.0,11000.0,44498.0,0.5692,VA
Winston-Salem State University,1,6126.0,18447.0,45344.0,0.4668,NC
Trinity College of Florida,2,16300.0,12000.0,32465.0,0.0,FL
Academy College,3,18680.0,16500.0,48300.0,0.36,MN
Columbia College Chicago,2,34088.0,16500.0,42195.0,0.5155,IL
Georgia Southwestern State University,1,5220.0,11000.0,48757.0,0.4064,GA
Ohio University-Zanesville Campus,1,6362.0,15332.0,52581.0,0.216,OH
Northeastern State University,1,7810.0,12000.0,45379.0,0.3536,OK
Maine College of Health Professions,2,20952.0,12000.0,79840.0,0.6667,ME
Laredo College,1,3300.0,2334.0,33934.0,0.3045,TX
Midwestern State University,1,10580.0,13051.0,55747.0,0.4274,TX
Lindenwood University,2,21600.0,20500.0,53278.0,0.4933,MO
Dominican University of California,2,52161.0,24250.0,84713.0,0.7805,CA
Huntingdon College,2,29070.0,20000.0,49601.0,0.4798,AL
Widener University,2,55730.0,24567.0,70920.0,0.6832,PA
Bob Jones University,2,24470.0,12453.0,44354.0,0.6475,SC
University of Akron Wayne College,1,7723.0,15250.0,46600.0,0.1852,OH
Roger Williams University,2,44418.0,19500.0,70266.0,0.6865,RI
Harvey Mudd College,2,68613.0,19500.0,138687.0,0.9188,CA
University of Bridgeport,2,35760.0,19500.0,50323.0,0.4119,CT
Nichols College,2,42705.0,19500.0,58063.0,0.6261,MA
American Baptist College,2,13604.0,19000.0,41216.0,0.3889,TN
Corban University,2,40280.0,17951.0,48917.0,0.6059,OR
East Texas A&M University,1,10026.0,14250.0,50296.0,0.4281,TX
Herzing University-Brookfield,2,13450.0,11756.0,36909.0,0.4167,WI
University of Indianapolis,2,37200.0,18714.0,53610.0,0.5582,IN
University of Wisconsin-Platteville,1,8644.0,15000.0,61760.0,0.5576,WI
Central Baptist College,2,21330.0,12876.0,46789.0,0.3411,AR
University of Mary,2,22356.0,18750.0,60909.0,0.666,ND
CUNY City College,1,7340.0,9775.0,66039.0,0.5682,NY
Lincoln University,1,12512.0,22862.0,43167.0,0.4355,PA
Lone Star College System,1,3330.0,5500.0,42466.0,0.2114,TX
ATA College-Cincinnati,3,14250.0,15834.0,34577.0,0.625,OH
McMurry University,2,32340.0,19000.0,48779.0,0.4429,TX
American University,2,58771.0,19500.0,77370.0,0.7549,DC
New Mexico Institute of Mining and Technology,1,9476.0,11057.0,76489.0,0.5705,NM
Concordia University-Chicago,2,37488.0,14000.0,54089.0,0.3646,IL
University of Illinois Chicago,1,14338.0,13657.0,68740.0,0.6162,IL
Trinity Washington University,2,26610.0,19402.0,53804.0,0.4929,DC
Brescia University,2,31550.0,20185.0,45500.0,0.5371,KY
Rocky Mountain College of Art and Design,3,20190.0,9500.0,42958.0,0.3176,CO
University of Silicon Valley,3,22480.0,18334.0,51017.0,0.2874,CA
Fisher College,2,35689.0,12500.0,49669.0,0.2775,MA
Renton Technical College,1,6308.0,6993.0,49782.0,0.4586,WA
Lafayette College,2,65398.0,14000.0,91410.0,0.8759,PA
Davis College,2,18000.0,17290.0,38450.0,0.2667,NY
Saint Johns University,2,55816.0,23250.0,76786.0,0.7538,MN
Wellesley College,2,67176.0,8700.0,84803.0,0.9153,MA
Centenary College of Louisiana,2,41200.0,15250.0,50330.0,0.5621,LA
Appalachian Bible College,2,18760.0,6767.0,37467.0,0.7105,WV
CUNY Hunter College,1,7382.0,8812.0,63163.0,0.5686,NY
Nelson University,2,25064.0,14750.0,46238.0,0.4156,TX
Long Island University,2,42432.0,19500.0,59950.0,0.5707,NY
Kenyon College,2,71520.0,15000.0,71830.0,0.8234,OH
University of Central Arkansas,1,10523.0,13000.0,45938.0,0.5353,AR
University of Wyoming,1,7768.0,12000.0,56880.0,0.5884,WY
Platt College-Anaheim,3,14922.0,15215.0,40669.0,0.6436,CA
Simmons University,2,46874.0,21780.0,63494.0,0.7234,MA
McPherson College,2,37310.0,13833.0,52084.0,0.3392,KS
University of Puerto Rico-Aguadilla,1,5954.0,5500.0,27997.0,0.4633,PR
Morehouse College,2,32893.0,18500.0,52889.0,0.5944,GA
Mississippi Valley State University,1,7692.0,19203.0,31919.0,0.2676,MS
St Olaf College,2,59760.0,23250.0,65543.0,0.84,MN
Atlanta Metropolitan State College,1,3248.0,6606.0,33252.0,0.1741,GA
Wentworth Institute of Technology,2,42884.0,18500.0,82721.0,0.6824,MA
Hamilton College,2,68960.0,15015.0,78411.0,0.9063,NY
College of Saint Benedict,2,55756.0,23250.0,63260.0,0.7712,MN
California State University-Stanislaus,1,8246.0,11750.0,63188.0,0.5345,CA
Atlantic University,2,8280.0,4500.0,25272.0,0.3941,PR
Modesto Junior College,1,1282.0,3375.0,42368.0,0.2957,CA
Strayer University-New Jersey,3,13920.0,14000.0,40092.0,0.0,NJ
Doane University,2,43985.0,19500.0,53316.0,0.5714,NE
University of Health Sciences and Pharmacy in St. Louis,2,32550.0,14000.0,137047.0,0.6168,MO
Northwestern Health Sciences University,2,12015.0,8250.0,48666.0,0.0,MN
Trinity College,2,70770.0,21000.0,90779.0,0.8377,CT
University of the Potomac-VA Campus,3,6660.0,7500.0,34961.0,0.5,VA
Clover Park Technical College,1,6634.0,9063.0,41787.0,0.4275,WA
Nova Southeastern University,2,38700.0,16985.0,59209.0,0.6334,FL
United States Merchant Marine Academy,1,895.0,6500.0,90610.0,0.8238,NY
University of Connecticut-Avery Point,1,18140.0,18610.0,73997.0,0.6162,CT
Oklahoma City University,2,35648.0,15250.0,54655.0,0.6488,OK
Simpson University,2,39708.0,13000.0,54340.0,0.4884,CA
Bard College,2,66436.0,19000.0,46543.0,0.6756,NY
Pennsylvania State University-Penn State Shenango,1,14024.0,19500.0,63435.0,0.4194,PA
Virginia University of Lynchburg,2,11360.0,9859.0,28396.0,0.3762,VA
Dallas College,1,2730.0,5500.0,41714.0,0.3232,TX
Montserrat College of Art,2,40690.0,23707.0,33022.0,0.5347,MA
Walsh University,2,35745.0,20000.0,59764.0,0.585,OH
Oklahoma State University Institute of Technology,1,5774.0,9000.0,45634.0,0.4239,OK
Universidad Teologica del Caribe,2,6660.0,5750.0,23536.0,0.3889,PR
Mercyhurst University,2,45770.0,19500.0,47452.0,0.6017,PA
Haverford College,2,70688.0,12000.0,79966.0,0.8964,PA
Grayson College,1,3052.0,7500.0,40873.0,0.3994,TX
Governors State University,1,12004.0,14000.0,58169.0,0.2211,IL
Lane College,2,11790.0,16750.0,31670.0,0.1839,TN
California State University-Sacramento,1,8018.0,12500.0,64876.0,0.5629,CA
Augusta University,1,8414.0,13015.0,48472.0,0.4881,GA
EDP University of Puerto Rico Inc-San Juan,2,7050.0,10500.0,22844.0,0.2439,PR
Mitchell College,2,40490.0,15000.0,39115.0,0.4218,CT
Bennett College,2,19140.0,17351.0,36654.0,0.25,NC
Newschool of Architecture and Design,3,30291.0,23618.0,68891.0,0.619,CA
California Baptist University,2,41228.0,20500.0,61504.0,0.6188,CA
New York University,2,62796.0,18500.0,82509.0,0.8757,NY
Purdue University Northwest,1,8675.0,13031.0,48318.0,0.4291,IN
South University-Columbia,3,18145.0,13000.0,34421.0,0.2333,SC
Northern Kentucky University,1,11088.0,15159.0,50220.0,0.5224,KY
Point Loma Nazarene University,2,46250.0,19500.0,63998.0,0.7717,CA
College of Biblical Studies-Houston,2,9350.0,14750.0,39260.0,0.4,TX
Saint Leo University,2,30000.0,14250.0,48364.0,0.45,FL
Robert Morris University,2,35970.0,23250.0,62105.0,0.6569,PA
University of Central Oklahoma,1,8818.0,13000.0,48351.0,0.3676,OK
Rhode Island College,1,11300.0,13833.0,56318.0,0.4813,RI
Morris College,2,16664.0,14750.0,30614.0,0.1735,SC
Pacific Lutheran University,2,52254.0,17074.0,66990.0,0.6857,WA
Gods Bible School and College,2,7710.0,5500.0,37722.0,0.4048,OH
University of Connecticut,1,21044.0,18610.0,73997.0,0.8329,CT
Park University,2,17500.0,12500.0,56309.0,0.3843,MO
Loyola University Maryland,2,57150.0,23882.0,82652.0,0.7919,MD
Ringling College of Art and Design,2,57900.0,27000.0,43325.0,0.7207,FL
University of Houston-Clear Lake,1,7770.0,13548.0,59004.0,0.5163,TX
University of Saint Mary,2,35380.0,14817.0,59483.0,0.4776,KS
Texas Wesleyan University,2,39582.0,13992.0,54053.0,0.3154,TX
Keystone College,2,18300.0,16250.0,44976.0,0.3587,PA
University of New England,2,44210.0,20000.0,55921.0,0.6835,ME
South University-Virginia Beach,3,18145.0,13000.0,34421.0,0.0833,VA
St. John's College,2,40684.0,19500.0,51584.0,0.7143,MD
Bellevue College,1,4436.0,8282.0,56310.0,0.3578,WA
University of Guam,1,6110.0,12500.0,35946.0,0.369,GU
Union College,2,69039.0,21085.0,88604.0,0.8039,NY
Wheeling University,2,29875.0,15375.0,57949.0,0.2333,WV
University of Missouri-Columbia,1,14837.0,16500.0,63403.0,0.7494,MO
Longwood University,1,15744.0,19000.0,52347.0,0.6123,VA
Alaska Pacific University,2,20760.0,12696.0,54271.0,0.4722,AK
Northwestern State University of Louisiana,1,8864.0,15000.0,47021.0,0.432,LA
Carleton College,2,68892.0,15960.0,75525.0,0.896,MN
South Florida State College,1,3165.0,5387.0,39990.0,0.4764,FL
Broward College,1,2830.0,4500.0,41939.0,0.3913,FL
Utah Valley University,1,6507.0,8899.0,55486.0,0.4511,UT
Platt College-Los Angeles,3,14922.0,15215.0,40669.0,0.6345,CA
Mount Mary University,2,35420.0,19000.0,48745.0,0.4296,WI
Malone University,2,37160.0,20515.0,48909.0,0.4498,OH
Goucher College,2,53350.0,17882.0,53023.0,0.5734,MD
Plaza College,3,15450.0,13348.0,31519.0,0.6762,NY
Husson University,2,23304.0,21500.0,45025.0,0.5935,ME
William Jessup University,2,37150.0,14419.0,56257.0,0.5598,CA
California College of the Arts,2,60226.0,19500.0,49414.0,0.6122,CA
Logan University,2,9000.0,7767.0,55838.0,0.2222,MO
Missouri University of Science and Technology,1,14984.0,19000.0,82957.0,0.6437,MO
Chattanooga College Medical Dental and & Technical Careers,3,12709.0,5457.0,25954.0,0.12,TN
New York Film Academy,3,36920.0,10750.0,29633.0,0.677,CA
Massachusetts College of Art and Design,1,15400.0,19500.0,43582.0,0.6887,MA
Rasmussen University-Florida,3,15314.0,13000.0,39080.0,0.4155,FL
Caribbean University-Ponce,2,8844.0,7000.0,22842.0,0.3667,PR
Polytechnic University of Puerto Rico-Miami,2,14367.0,12830.0,47540.0,1.0,FL
Bates College,2,66590.0,12442.0,69498.0,0.8969,ME
Wesleyan College,2,27650.0,15000.0,44317.0,0.4452,GA
Merrimack College,2,53962.0,23750.0,75584.0,0.7005,MA
University of Wisconsin-Superior,1,8812.0,14055.0,49606.0,0.4188,WI
College of the Atlantic,2,47997.0,17723.0,40264.0,0.6829,ME
Franklin University,2,9577.0,14238.0,51892.0,0.1111,OH
Concordia University Texas,2,23500.0,15134.0,60883.0,0.446,TX
Lubbock Christian University,2,28540.0,15750.0,53787.0,0.5136,TX
Maine Maritime Academy,1,15158.0,26812.0,89964.0,0.5818,ME
Academy of Art University,3,30736.0,11000.0,39008.0,0.3432,CA
California State University-Fullerton,1,7470.0,12000.0,62951.0,0.7018,CA
Kettering College,2,16320.0,19456.0,67492.0,0.6512,OH
Ohio State University-Marion Campus,1,9488.0,14500.0,60409.0,0.2669,OH
Ohio University-Main Campus,1,14158.0,15332.0,52581.0,0.6545,OH
Caribbean University-Carolina,2,8844.0,7000.0,22842.0,0.4444,PR
Mount Saint Mary's University,2,49564.0,22167.0,72379.0,0.5325,CA
Tacoma Community College,1,5507.0,7718.0,47168.0,0.3154,WA
Massachusetts Institute of Technology,2,62396.0,12462.0,143372.0,0.9641,MA
Ripon College,2,51900.0,19500.0,54902.0,0.633,WI
Santa Fe College,1,2563.0,7125.0,41631.0,0.5343,FL
California State University-Long Beach,1,7350.0,12227.0,64403.0,0.6888,CA
Cascadia College,1,5157.0,5215.0,54133.0,0.321,WA
The College of Wooster,2,61640.0,21115.0,59629.0,0.7394,OH
Maryville University of Saint Louis,2,27166.0,10041.0,62105.0,0.6622,MO
University of Mississippi,1,9772.0,15250.0,50994.0,0.7174,MS
San Jose State University,1,8410.0,12000.0,78988.0,0.6922,CA
Hiram College,2,27600.0,19500.0,54311.0,0.5451,OH
Capital University,2,43234.0,20927.0,54143.0,0.6027,OH
Heritage University,2,20928.0,11925.0,49416.0,0.5368,WA
West Virginia University at Parkersburg,1,4612.0,8250.0,35171.0,0.0909,WV
Herzing University-Madison,2,13450.0,11756.0,36909.0,0.284,WI
Oak Hills Christian College,2,19440.0,9500.0,35983.0,0.2273,MN
Le Moyne College,2,40330.0,18435.0,62731.0,0.7313,NY
Gordon State College,1,3628.0,8750.0,37871.0,0.2043,GA
DePaul University,2,45999.0,19383.0,68751.0,0.678,IL
Northwest University,2,36035.0,15000.0,54914.0,0.7078,WA
University of Wisconsin-Stevens Point,1,9488.0,14674.0,52021.0,0.5078,WI
Lincoln University,1,9796.0,19000.0,39463.0,0.2085,MO
Stevens Institute of Technology,2,63462.0,23250.0,108772.0,0.8688,NJ
Wesleyan University,2,70342.0,13824.0,73897.0,0.9264,CT
San Francisco State University,1,7950.0,12923.0,68077.0,0.5037,CA
University of California-San Diego,1,16758.0,14778.0,84943.0,0.8605,CA
Embry-Riddle Aeronautical University-Worldwide,2,12097.0,14250.0,84131.0,0.2055,FL
Vermont State University,1,11952.0,11000.0,50331.0,0.4722,VT
Johnson C Smith University,2,21300.0,20500.0,42680.0,0.3429,NC
Graceland University-Lamoni,2,20950.0,14209.0,47361.0,0.4195,IA
Illinois State University,1,16144.0,15750.0,62117.0,0.6454,IL
University of Mary Hardin-Baylor,2,32020.0,15750.0,56132.0,0.4931,TX
Cornell College,2,52660.0,21500.0,53460.0,0.6182,IA
University of Charleston,2,33800.0,12666.0,55774.0,0.4555,WV
Wilmington University,2,12630.0,14308.0,53844.0,0.1982,DE
West Coast University-Miami,3,23317.0,24145.0,102672.0,0.3333,FL
Peirce College,2,15060.0,21875.0,50660.0,0.1,PA
Pennsylvania State University-Penn State Scranton,1,15208.0,19500.0,63435.0,0.3929,PA
Concordia College at Moorhead,2,31170.0,20895.0,59317.0,0.6107,MN
Claflin University,2,18282.0,22049.0,40304.0,0.516,SC
D'Youville  University,2,34940.0,19750.0,66942.0,0.6749,NY
Pennsylvania Institute of Technology,2,14850.0,6334.0,35703.0,0.2105,PA
Weber State University,1,6557.0,9666.0,56287.0,0.462,UT
Metropolitan State University,1,9840.0,12900.0,64705.0,0.4357,MN
Calvin University,2,39350.0,19500.0,58375.0,0.7406,MI
California State University-San Marcos,1,8082.0,13500.0,62908.0,0.5456,CA
Columbia Southern University,3,6760.0,13980.0,63534.0,0.3328,AL
Columbus College of Art & Design,2,40825.0,20500.0,40664.0,0.556,OH
Texas State University,1,11450.0,14993.0,56906.0,0.5528,TX
Chamberlain University-Indiana,3,19975.0,16458.0,92405.0,0.0,IN
DeVry University-Virginia,3,17408.0,12805.0,45987.0,0.0,VA
Rowan University,1,16574.0,16750.0,59988.0,0.6736,NJ
University of South Florida,1,6410.0,14976.0,57743.0,0.7676,FL
University of Houston,1,9717.0,14000.0,62377.0,0.6456,TX
Florida State University,1,5656.0,16100.0,61675.0,0.8561,FL
Brandeis University,2,68080.0,23250.0,77231.0,0.8603,MA
CEM College-San Juan,3,12900.0,3700.0,21033.0,0.859,PR
Ozarks Technical Community College,1,4512.0,6500.0,36455.0,0.3254,MO
Columbia Central University-Caguas,3,8400.0,5001.0,23134.0,0.5639,PR
Frostburg State University,1,10220.0,14867.0,55493.0,0.4966,MD
William Paterson University of New Jersey,1,15704.0,15750.0,57780.0,0.4396,NJ
Northwestern Michigan College,1,5860.0,8191.0,38167.0,0.2484,MI
The University of Texas at El Paso,1,9744.0,12573.0,50923.0,0.5017,TX
Daemen University,2,35218.0,15041.0,61808.0,0.5888,NY
Meredith College,2,45630.0,20066.0,51539.0,0.7007,NC
College for Creative Studies,2,53350.0,19000.0,44860.0,0.7061,MI
